sentence_id,parent_chunk,token_start,token_end,sentence_text,en_text,heading_id,level,path,h1,h2,h3,h4,h5,h6
MAIN001-S261,MAIN001,2508,2518,Suttanikkhepavaṇṇanā Idāni ‘‘sabbadhammamūlapariyāyaṃ vo’’tiādinā nayena bhagavatā nikkhittassa suttassa vaṇṇanāya okāso anuppatto.,"Exposition of the Summary of the Sutta. Now, the occasion has arrived for the explanation of the discourse delivered by the Blessed One, beginning with the words, ‘I shall teach you the Root of All Phenomena (sabbadhammamūlapariyāya).",H000008,5,Majjhimanikāye > Mūlapaṇṇāsa-aṭṭhakathā > 1. Mūlapariyāyavaggo > 1. Mūlapariyāyasuttavaṇṇanā > Suttanikkhepavaṇṇanā,Majjhimanikāye,Mūlapaṇṇāsa-aṭṭhakathā,1. Mūlapariyāyavaggo,1. Mūlapariyāyasuttavaṇṇanā,Suttanikkhepavaṇṇanā,
MAIN001-S262,MAIN001,2519,2531,"Sā panesā suttavaṇṇanā yasmā suttanikkhepaṃ vicāretvā vuccamānā pākaṭā hoti, tasmā suttanikkhepaṃ tāva vicārayissāma.","Now, since the explanation of this discourse becomes clear when examined in relation to the summary of the sutta, therefore we shall first examine that summary of the sutta.",H000008,5,Majjhimanikāye > Mūlapaṇṇāsa-aṭṭhakathā > 1. Mūlapariyāyavaggo > 1. Mūlapariyāyasuttavaṇṇanā > Suttanikkhepavaṇṇanā,Majjhimanikāye,Mūlapaṇṇāsa-aṭṭhakathā,1. Mūlapariyāyavaggo,1. Mūlapariyāyasuttavaṇṇanā,Suttanikkhepavaṇṇanā,
MAIN001-S263,MAIN001,2532,2538,Cattāro hi suttanikkhepā attajjhāsayo parajjhāsayo pucchāvasiko aṭṭhuppattikoti.,"For there are four types of sutta-classifications (suttanikkhepa): those spoken from the Buddha’s own inclination (attajjhāsaya), those spoken according to the inclination of others (parajjhāsaya), those occasioned by a question (pucchāvasika), and those delivered on account of a specific circumstance (aṭṭhuppattika).",H000008,5,Majjhimanikāye > Mūlapaṇṇāsa-aṭṭhakathā > 1. Mūlapariyāyavaggo > 1. Mūlapariyāyasuttavaṇṇanā > Suttanikkhepavaṇṇanā,Majjhimanikāye,Mūlapaṇṇāsa-aṭṭhakathā,1. Mūlapariyāyavaggo,1. Mūlapariyāyasuttavaṇṇanā,Suttanikkhepavaṇṇanā,
MAIN001-S264,MAIN001,2539,2548,Tattha yāni suttāni bhagavā parehi anajjhiṭṭho kevalaṃ attano ajjhāsayeneva kathesi.,"Herein, the discourses which the Blessed One, without being requested by others, taught solely out of his own inclination are so designated.",H000008,5,Majjhimanikāye > Mūlapaṇṇāsa-aṭṭhakathā > 1. Mūlapariyāyavaggo > 1. Mūlapariyāyasuttavaṇṇanā > Suttanikkhepavaṇṇanā,Majjhimanikāye,Mūlapaṇṇāsa-aṭṭhakathā,1. Mūlapariyāyavaggo,1. Mūlapariyāyasuttavaṇṇanā,Suttanikkhepavaṇṇanā,
MAIN001-S265,MAIN001,2549,2557,"Seyyathidaṃ, ākaṅkheyyasuttaṃ, vatthasuttaṃ, mahāsatipaṭṭhānasuttaṃ, mahāsaḷāyatanavibhaṅgasuttaṃ, ariyavaṃsasuttaṃ, sammappadhānasuttantahārako, iddhipādaindriyabalabojjhaṅgamaggaṅgasuttantahārakoti evamādīni.","Such are, for example, the Ākaṅkheyya Sutta, the Vattha Sutta, the Mahāsatipaṭṭhāna Sutta, the Mahāsaḷāyatanavibhaṅga Sutta, the Ariyavaṃsa Sutta, the group of discourses on the Four Right Efforts (sammappadhāna), and the collections on the Bases of Spiritual Power (iddhipāda), the Faculties (indriya), the Powers (bala), the Factors of Awakening (bojjhaṅga), and the Path Factors (maggaṅga), and others of this kind.",H000008,5,Majjhimanikāye > Mūlapaṇṇāsa-aṭṭhakathā > 1. Mūlapariyāyavaggo > 1. Mūlapariyāyasuttavaṇṇanā > Suttanikkhepavaṇṇanā,Majjhimanikāye,Mūlapaṇṇāsa-aṭṭhakathā,1. Mūlapariyāyavaggo,1. Mūlapariyāyasuttavaṇṇanā,Suttanikkhepavaṇṇanā,
MAIN001-S266,MAIN001,2558,2560,Tesaṃ attajjhāsayo nikkhepo.,The classification of these is that they belong to the category of discourses spoken from the Buddha’s own inclination (attajjhāsaya-nikkhepa).,H000008,5,Majjhimanikāye > Mūlapaṇṇāsa-aṭṭhakathā > 1. Mūlapariyāyavaggo > 1. Mūlapariyāyasuttavaṇṇanā > Suttanikkhepavaṇṇanā,Majjhimanikāye,Mūlapaṇṇāsa-aṭṭhakathā,1. Mūlapariyāyavaggo,1. Mūlapariyāyasuttavaṇṇanā,Suttanikkhepavaṇṇanā,
MAIN001-S267,MAIN001,2561,2586,"Yāni pana ‘‘paripakkā kho rāhulassa vimuttiparipācanīyā dhammā, yaṃnūnāhaṃ rāhulaṃ uttari āsavānaṃ khaye vineyya’’nti (saṃ. ni. 4.121) evaṃ paresaṃ ajjhāsayaṃ khantiṃ manaṃ abhinīhāraṃ bujjhanabhāvañca avekkhitvā parajjhāsayavasena kathitāni.","Those discourses, however, which were spoken by considering the inclination, receptivity, disposition, and readiness for understanding of others—such as when the Blessed One reflected, ‘The spiritual qualities leading to liberation have ripened in Rāhula; let me now instruct him further for the destruction of the taints’ (Saṃyutta Nikāya IV 121)—these are designated as spoken according to the inclination of others (parajjhāsaya).",H000008,5,Majjhimanikāye > Mūlapaṇṇāsa-aṭṭhakathā > 1. Mūlapariyāyavaggo > 1. Mūlapariyāyasuttavaṇṇanā > Suttanikkhepavaṇṇanā,Majjhimanikāye,Mūlapaṇṇāsa-aṭṭhakathā,1. Mūlapariyāyavaggo,1. Mūlapariyāyasuttavaṇṇanā,Suttanikkhepavaṇṇanā,
MAIN001-S268,MAIN001,2587,2592,"Seyyathidaṃ, cūḷarāhulovādasuttaṃ, mahārāhulovādasuttaṃ, dhammacakkappavattanaṃ, dhātuvibhaṅgasuttanti evamādīni.","Such are, for example, the Cūḷa-Rāhulovāda Sutta, the Mahā-Rāhulovāda Sutta, the Dhammacakkappavattana Sutta, and the Dhātuvibhaṅga Sutta, and others of this kind.",H000008,5,Majjhimanikāye > Mūlapaṇṇāsa-aṭṭhakathā > 1. Mūlapariyāyavaggo > 1. Mūlapariyāyasuttavaṇṇanā > Suttanikkhepavaṇṇanā,Majjhimanikāye,Mūlapaṇṇāsa-aṭṭhakathā,1. Mūlapariyāyavaggo,1. Mūlapariyāyasuttavaṇṇanā,Suttanikkhepavaṇṇanā,
MAIN001-S269,MAIN001,2593,2595,Tesaṃ parajjhāsayo nikkhepo.,The classification of these is that they belong to the category of discourses spoken according to the inclination of others (parajjhāsaya-nikkhepa).,H000008,5,Majjhimanikāye > Mūlapaṇṇāsa-aṭṭhakathā > 1. Mūlapariyāyavaggo > 1. Mūlapariyāyasuttavaṇṇanā > Suttanikkhepavaṇṇanā,Majjhimanikāye,Mūlapaṇṇāsa-aṭṭhakathā,1. Mūlapariyāyavaggo,1. Mūlapariyāyasuttavaṇṇanā,Suttanikkhepavaṇṇanā,
MAIN001-S270,MAIN001,2596,2616,"Bhagavantaṃ pana upasaṅkamitvā catasso parisā cattāro vaṇṇā nāgā supaṇṇā gandhabbā asurā yakkhā mahārājāno tāvatiṃsādayo devā mahābrahmāti evamādayo ‘‘bojjhaṅgā bojjhaṅgā’’ti, bhante, vuccanti.","Furthermore, when approaching the Blessed One, the four assemblies, the four social classes, as well as nāgas, supaṇṇas, gandhabbas, asuras, yakkhas, the Great Kings, the deities of the Thirty-three and others, and even the Great Brahmā, and so forth, would say: ‘Venerable sir, the factors of awakening, the factors of awakening are being spoken of.",H000008,5,Majjhimanikāye > Mūlapaṇṇāsa-aṭṭhakathā > 1. Mūlapariyāyavaggo > 1. Mūlapariyāyasuttavaṇṇanā > Suttanikkhepavaṇṇanā,Majjhimanikāye,Mūlapaṇṇāsa-aṭṭhakathā,1. Mūlapariyāyavaggo,1. Mūlapariyāyasuttavaṇṇanā,Suttanikkhepavaṇṇanā,
MAIN001-S271,MAIN001,2617,2620,"‘‘Nīvaraṇā nīvaraṇā’’ti, bhante, vuccanti.","Venerable sir, the hindrances, the hindrances are being spoken of.",H000008,5,Majjhimanikāye > Mūlapaṇṇāsa-aṭṭhakathā > 1. Mūlapariyāyavaggo > 1. Mūlapariyāyasuttavaṇṇanā > Suttanikkhepavaṇṇanā,Majjhimanikāye,Mūlapaṇṇāsa-aṭṭhakathā,1. Mūlapariyāyavaggo,1. Mūlapariyāyasuttavaṇṇanā,Suttanikkhepavaṇṇanā,
MAIN001-S272,MAIN001,2621,2625,"Ime nu kho, bhante, pañcupādānakkhandhā.","Venerable sir, are these the five aggregates subject to clinging?",H000008,5,Majjhimanikāye > Mūlapaṇṇāsa-aṭṭhakathā > 1. Mūlapariyāyavaggo > 1. Mūlapariyāyasuttavaṇṇanā > Suttanikkhepavaṇṇanā,Majjhimanikāye,Mūlapaṇṇāsa-aṭṭhakathā,1. Mūlapariyāyavaggo,1. Mūlapariyāyasuttavaṇṇanā,Suttanikkhepavaṇṇanā,
MAIN001-S273,MAIN001,2626,2636,‘‘Kiṃ sūdha vittaṃ purisassa seṭṭha’’ntiādinā (su. ni. 183) nayena pañhaṃ pucchanti.,"Or again, they pose a question in such a manner as, ‘What indeed is wealth supreme for a man?’ (Sutta Nipāta 183), and so forth.",H000008,5,Majjhimanikāye > Mūlapaṇṇāsa-aṭṭhakathā > 1. Mūlapariyāyavaggo > 1. Mūlapariyāyasuttavaṇṇanā > Suttanikkhepavaṇṇanā,Majjhimanikāye,Mūlapaṇṇāsa-aṭṭhakathā,1. Mūlapariyāyavaggo,1. Mūlapariyāyasuttavaṇṇanā,Suttanikkhepavaṇṇanā,
MAIN001-S274,MAIN001,2637,2642,Evaṃ puṭṭhena bhagavatā yāni kathitāni bojjhaṅgasaṃyuttādīni.,"Thus, in response to such questions, the discourses spoken by the Blessed One are, for example, those contained in the Bojjhaṅga-saṃyutta and others.",H000008,5,Majjhimanikāye > Mūlapaṇṇāsa-aṭṭhakathā > 1. Mūlapariyāyavaggo > 1. Mūlapariyāyasuttavaṇṇanā > Suttanikkhepavaṇṇanā,Majjhimanikāye,Mūlapaṇṇāsa-aṭṭhakathā,1. Mūlapariyāyavaggo,1. Mūlapariyāyasuttavaṇṇanā,Suttanikkhepavaṇṇanā,
MAIN001-S275,MAIN001,2643,2650,"Yāni vā panaññānipi devatāsaṃyutta-mārasaṃyutta-brahmasaṃyutta-sakkapañha-cūḷavedalla-mahāvedalla-sāmaññaphala- āḷavaka-sūciloma-kharalomasuttādīni, tesaṃ pucchāvasiko nikkhepo.","Or again, other discourses such as the Devatā-saṃyutta, the Māra-saṃyutta, the Brahma-saṃyutta, the Sakkapañha Sutta, the Cūḷavedalla Sutta, the Mahāvedalla Sutta, the Sāmaññaphala Sutta, the Āḷavaka Sutta, the Sūciloma Sutta, the Kharaloma Sutta, and others of this kind — these are classified as belonging to the category occasioned by a question (pucchāvasika-nikkhepa).",H000008,5,Majjhimanikāye > Mūlapaṇṇāsa-aṭṭhakathā > 1. Mūlapariyāyavaggo > 1. Mūlapariyāyasuttavaṇṇanā > Suttanikkhepavaṇṇanā,Majjhimanikāye,Mūlapaṇṇāsa-aṭṭhakathā,1. Mūlapariyāyavaggo,1. Mūlapariyāyasuttavaṇṇanā,Suttanikkhepavaṇṇanā,
MAIN001-S276,MAIN001,2651,2656,Yāni panetāni uppannaṃ kāraṇaṃ paṭicca kathitāni.,"Those discourses, however, which were spoken on account of a particular circumstance that had arisen are so designated.",H000008,5,Majjhimanikāye > Mūlapaṇṇāsa-aṭṭhakathā > 1. Mūlapariyāyavaggo > 1. Mūlapariyāyasuttavaṇṇanā > Suttanikkhepavaṇṇanā,Majjhimanikāye,Mūlapaṇṇāsa-aṭṭhakathā,1. Mūlapariyāyavaggo,1. Mūlapariyāyasuttavaṇṇanā,Suttanikkhepavaṇṇanā,
MAIN001-S277,MAIN001,2657,2666,"Seyyathidaṃ, dhammadāyādaṃ cūḷasīhanādaṃ candūpamaṃ puttamaṃsūpamaṃ dārukkhandhūpamaṃ aggikkhandhūpamaṃ pheṇapiṇḍūpamaṃ pāricchattakūpamanti evamādīni.","Such are, for example, the Dhammadāyāda Sutta, the Cūḷasīhanāda Sutta, the Candūpama Sutta, the Puttamaṃsūpama Sutta, the Dārukkhandhūpama Sutta, the Aggikkhandhūpama Sutta, the Pheṇapiṇḍūpama Sutta, the Pāricchattakūpama Sutta, and others of this kind.",H000008,5,Majjhimanikāye > Mūlapaṇṇāsa-aṭṭhakathā > 1. Mūlapariyāyavaggo > 1. Mūlapariyāyasuttavaṇṇanā > Suttanikkhepavaṇṇanā,Majjhimanikāye,Mūlapaṇṇāsa-aṭṭhakathā,1. Mūlapariyāyavaggo,1. Mūlapariyāyasuttavaṇṇanā,Suttanikkhepavaṇṇanā,
MAIN001-S278,MAIN001,2667,2669,Tesaṃ aṭṭhuppattiko nikkhepo.,The classification of these is that they belong to the category of discourses delivered on account of a specific occasion (aṭṭhuppattika-nikkhepa).,H000008,5,Majjhimanikāye > Mūlapaṇṇāsa-aṭṭhakathā > 1. Mūlapariyāyavaggo > 1. Mūlapariyāyasuttavaṇṇanā > Suttanikkhepavaṇṇanā,Majjhimanikāye,Mūlapaṇṇāsa-aṭṭhakathā,1. Mūlapariyāyavaggo,1. Mūlapariyāyasuttavaṇṇanā,Suttanikkhepavaṇṇanā,
MAIN001-S279,MAIN001,2670,2676,Evamimesu catūsu nikkhepesu imassa suttassa aṭṭhuppattiko nikkhepo.,"Thus, among these four classifications, this discourse belongs to the category of discourses delivered on account of a specific occasion (aṭṭhuppattika-nikkhepa).",H000008,5,Majjhimanikāye > Mūlapaṇṇāsa-aṭṭhakathā > 1. Mūlapariyāyavaggo > 1. Mūlapariyāyasuttavaṇṇanā > Suttanikkhepavaṇṇanā,Majjhimanikāye,Mūlapaṇṇāsa-aṭṭhakathā,1. Mūlapariyāyavaggo,1. Mūlapariyāyasuttavaṇṇanā,Suttanikkhepavaṇṇanā,
MAIN001-S280,MAIN001,2677,2680,Aṭṭhuppattiyañhi idaṃ bhagavatā nikkhittaṃ.,For this discourse was delivered by the Blessed One on the basis of a particular occasion.,H000008,5,Majjhimanikāye > Mūlapaṇṇāsa-aṭṭhakathā > 1. Mūlapariyāyavaggo > 1. Mūlapariyāyasuttavaṇṇanā > Suttanikkhepavaṇṇanā,Majjhimanikāye,Mūlapaṇṇāsa-aṭṭhakathā,1. Mūlapariyāyavaggo,1. Mūlapariyāyasuttavaṇṇanā,Suttanikkhepavaṇṇanā,
MAIN001-S281,MAIN001,2681,2686,Katarāya aṭṭhuppattiyā? Pariyattiṃ nissāya uppanne māne.,On account of which occasion? On account of the conceit that arose dependent on learning (pariyatti).,H000008,5,Majjhimanikāye > Mūlapaṇṇāsa-aṭṭhakathā > 1. Mūlapariyāyavaggo > 1. Mūlapariyāyasuttavaṇṇanā > Suttanikkhepavaṇṇanā,Majjhimanikāye,Mūlapaṇṇāsa-aṭṭhakathā,1. Mūlapariyāyavaggo,1. Mūlapariyāyasuttavaṇṇanā,Suttanikkhepavaṇṇanā,
MAIN001-S282,MAIN001,2687,2741,"Pañcasatā kira brāhmaṇā tiṇṇaṃ vedānaṃ pāragū aparabhāge bhagavato dhammadesanaṃ sutvā kāmesu ādīnavaṃ nekkhamme ca ānisaṃsaṃ sampassamānā bhagavato santike pabbajitvā nacirasseva sabbaṃ buddhavacanaṃ uggaṇhitvā pariyattiṃ nissāya mānaṃ uppādesuṃ ‘‘yaṃ yaṃ bhagavā katheti, taṃ taṃ mayaṃ khippameva jānāma, bhagavā hi tīṇi liṅgāni cattāri padāni satta vibhattiyo muñcitvā na kiñci katheti, evaṃ kathite ca amhākaṃ gaṇṭhipadaṃ nāma natthī’’ti.","It is said that five hundred brahmins, having mastered the three Vedas, later heard the Blessed One’s teaching of the Dhamma. Seeing the danger in sensual pleasures and the benefit in renunciation, they went forth under the Blessed One. Before long, having learned the entire corpus of the Buddha’s word, they, relying upon their learning (pariyatti), gave rise to conceit, thinking: ‘Whatever the Blessed One teaches, that we at once understand. For the Blessed One teaches after omitting the three genders, the four cases, and the seven declensions; and when taught thus, for us there is no such thing as difficulty of expression.",H000008,5,Majjhimanikāye > Mūlapaṇṇāsa-aṭṭhakathā > 1. Mūlapariyāyavaggo > 1. Mūlapariyāyasuttavaṇṇanā > Suttanikkhepavaṇṇanā,Majjhimanikāye,Mūlapaṇṇāsa-aṭṭhakathā,1. Mūlapariyāyavaggo,1. Mūlapariyāyasuttavaṇṇanā,Suttanikkhepavaṇṇanā,
MAIN001-S283,MAIN001,2742,2753,Te bhagavati agāravā hutvā tato paṭṭhāya bhagavato upaṭṭhānampi dhammassavanampi abhiṇhaṃ na gacchanti.,"Having thus become disrespectful toward the Blessed One, from that time on they no longer regularly attended upon the Blessed One nor frequently listened to the Dhamma.",H000008,5,Majjhimanikāye > Mūlapaṇṇāsa-aṭṭhakathā > 1. Mūlapariyāyavaggo > 1. Mūlapariyāyasuttavaṇṇanā > Suttanikkhepavaṇṇanā,Majjhimanikāye,Mūlapaṇṇāsa-aṭṭhakathā,1. Mūlapariyāyavaggo,1. Mūlapariyāyasuttavaṇṇanā,Suttanikkhepavaṇṇanā,
MAIN001-S284,MAIN001,2754,2781,Bhagavā tesaṃ taṃ cittacāraṃ ñatvā ‘‘abhabbā ime imaṃ mānakhilaṃ anupahacca maggaṃ vā phalaṃ vā sacchikātu’’nti tesaṃ sutapariyattiṃ nissāya uppannaṃ mānaṃ aṭṭhuppattiṃ katvā desanākusalo bhagavā mānabhañjanatthaṃ sabbadhammamūlapariyāyanti desanaṃ ārabhi.,"Here, the expression sabbadhammamūlapariyāya means the fundamental exposition (mūlapariyāya) of all phenomena (dhammas).",H000008,5,Majjhimanikāye > Mūlapaṇṇāsa-aṭṭhakathā > 1. Mūlapariyāyavaggo > 1. Mūlapariyāyasuttavaṇṇanā > Suttanikkhepavaṇṇanā,Majjhimanikāye,Mūlapaṇṇāsa-aṭṭhakathā,1. Mūlapariyāyavaggo,1. Mūlapariyāyasuttavaṇṇanā,Suttanikkhepavaṇṇanā,
MAIN001-S285,MAIN001,2782,2786,Tattha sabbadhammamūlapariyāyanti sabbesaṃ dhammānaṃ mūlapariyāyaṃ.,"Here, sabbadhammamūlapariyāya means the root principle or fundamental exposition of all phenomena (dhammas).",H000008,5,Majjhimanikāye > Mūlapaṇṇāsa-aṭṭhakathā > 1. Mūlapariyāyavaggo > 1. Mūlapariyāyasuttavaṇṇanā > Suttanikkhepavaṇṇanā,Majjhimanikāye,Mūlapaṇṇāsa-aṭṭhakathā,1. Mūlapariyāyavaggo,1. Mūlapariyāyasuttavaṇṇanā,Suttanikkhepavaṇṇanā,
MAIN001-S286,MAIN001,2787,2788,Sabbesanti anavasesānaṃ.,"Sabbesaṃ means ‘of all,’ in the sense of without exception.",H000008,5,Majjhimanikāye > Mūlapaṇṇāsa-aṭṭhakathā > 1. Mūlapariyāyavaggo > 1. Mūlapariyāyasuttavaṇṇanā > Suttanikkhepavaṇṇanā,Majjhimanikāye,Mūlapaṇṇāsa-aṭṭhakathā,1. Mūlapariyāyavaggo,1. Mūlapariyāyasuttavaṇṇanā,Suttanikkhepavaṇṇanā,
MAIN001-S287,MAIN001,2789,2792,Anavasesavācako hi ayaṃ sabba-saddo.,"For the word sabba (‘all’) is indeed an expression denoting totality, without remainder.",H000008,5,Majjhimanikāye > Mūlapaṇṇāsa-aṭṭhakathā > 1. Mūlapariyāyavaggo > 1. Mūlapariyāyasuttavaṇṇanā > Suttanikkhepavaṇṇanā,Majjhimanikāye,Mūlapaṇṇāsa-aṭṭhakathā,1. Mūlapariyāyavaggo,1. Mūlapariyāyasuttavaṇṇanā,Suttanikkhepavaṇṇanā,
MAIN001-S288,MAIN001,2793,2801,"So yena yena sambandhaṃ gacchati, tassa tassa anavasesataṃ dīpeti.","Wherever it is applied in connection, it indicates complete inclusiveness in that respect.",H000008,5,Majjhimanikāye > Mūlapaṇṇāsa-aṭṭhakathā > 1. Mūlapariyāyavaggo > 1. Mūlapariyāyasuttavaṇṇanā > Suttanikkhepavaṇṇanā,Majjhimanikāye,Mūlapaṇṇāsa-aṭṭhakathā,1. Mūlapariyāyavaggo,1. Mūlapariyāyasuttavaṇṇanā,Suttanikkhepavaṇṇanā,
MAIN001-S289,MAIN001,2802,2810,"Yathā, ‘‘sabbaṃ rūpaṃ aniccaṃ sabbā vedanā aniccā sabbasakkāyapariyāpannesu dhammesū’’ti.","For example: ‘All form is impermanent, all feeling is impermanent, and all phenomena included within the personality (sakkāya) are impermanent.",H000008,5,Majjhimanikāye > Mūlapaṇṇāsa-aṭṭhakathā > 1. Mūlapariyāyavaggo > 1. Mūlapariyāyasuttavaṇṇanā > Suttanikkhepavaṇṇanā,Majjhimanikāye,Mūlapaṇṇāsa-aṭṭhakathā,1. Mūlapariyāyavaggo,1. Mūlapariyāyasuttavaṇṇanā,Suttanikkhepavaṇṇanā,
MAIN001-S290,MAIN001,2811,2814,Dhamma-saddo panāyaṃ pariyatti-sacca-samādhi-paññā-pakati-sabhāvasuññatā-puññāpatti-ñeyyādīsu dissati.,"The term dhamma, however, is found with reference to various contexts such as the scriptures (pariyatti), truth (sacca), concentration (samādhi), wisdom (paññā), natural state (pakati), intrinsic nature (sabhāva), emptiness (suññatā), meritorious attainment (puññāpatti), objects of knowledge (ñeyya), and so forth.",H000008,5,Majjhimanikāye > Mūlapaṇṇāsa-aṭṭhakathā > 1. Mūlapariyāyavaggo > 1. Mūlapariyāyasuttavaṇṇanā > Suttanikkhepavaṇṇanā,Majjhimanikāye,Mūlapaṇṇāsa-aṭṭhakathā,1. Mūlapariyāyavaggo,1. Mūlapariyāyasuttavaṇṇanā,Suttanikkhepavaṇṇanā,
MAIN001-S291,MAIN001,2815,2827,‘‘Idha bhikkhu dhammaṃ pariyāpuṇāti suttaṃ geyya’’ntiādīsu (a. ni. 5.73) hi dhammasaddo pariyattiyaṃ vattati.,"For instance, in the passage, ‘Here, a bhikkhu masters the Dhamma: sutta, geyya, and so forth’ (Aṅguttara Nikāya 5.73), the term dhamma is used in the sense of the scriptures (pariyatti).",H000008,5,Majjhimanikāye > Mūlapaṇṇāsa-aṭṭhakathā > 1. Mūlapariyāyavaggo > 1. Mūlapariyāyasuttavaṇṇanā > Suttanikkhepavaṇṇanā,Majjhimanikāye,Mūlapaṇṇāsa-aṭṭhakathā,1. Mūlapariyāyavaggo,1. Mūlapariyāyasuttavaṇṇanā,Suttanikkhepavaṇṇanā,
MAIN001-S292,MAIN001,2828,2833,‘‘Diṭṭhadhammo viditadhammo’’tiādīsu (dī. ni. 1.299) saccesu.,"In the passage, ‘One who has seen the Dhamma, one who has understood the Dhamma’ (Dīgha Nikāya 1.299), the term dhamma is used in the sense of truths (sacca).",H000008,5,Majjhimanikāye > Mūlapaṇṇāsa-aṭṭhakathā > 1. Mūlapariyāyavaggo > 1. Mūlapariyāyasuttavaṇṇanā > Suttanikkhepavaṇṇanā,Majjhimanikāye,Mūlapaṇṇāsa-aṭṭhakathā,1. Mūlapariyāyavaggo,1. Mūlapariyāyasuttavaṇṇanā,Suttanikkhepavaṇṇanā,
MAIN001-S293,MAIN001,2834,2838,‘‘Evaṃ dhammā te bhagavanto’’tiādīsu samādhimhi.,"In the passage, ‘Thus steadfast in Dhamma are those Blessed Ones’ (cf. Dīgha Nikāya, etc.), the term dhamma is used in the sense of concentration (samādhi).",H000008,5,Majjhimanikāye > Mūlapaṇṇāsa-aṭṭhakathā > 1. Mūlapariyāyavaggo > 1. Mūlapariyāyasuttavaṇṇanā > Suttanikkhepavaṇṇanā,Majjhimanikāye,Mūlapaṇṇāsa-aṭṭhakathā,1. Mūlapariyāyavaggo,1. Mūlapariyāyasuttavaṇṇanā,Suttanikkhepavaṇṇanā,
MAIN001-S294,MAIN001,2839,2851,"‘‘Yassete caturo dhammā, vānarinda yathā tava; Saccaṃ dhammo dhiti cāgo, diṭṭhaṃ so ativattatī’’ti.","In the passage, ‘For whom these four qualities exist, O lord of monkeys, as for you: truth (sacca), Dhamma, resolution (dhiti), and generosity (cāga) — such a one surpasses what is seen,’ the term dhamma is used in the sense of wisdom (paññā).",H000008,5,Majjhimanikāye > Mūlapaṇṇāsa-aṭṭhakathā > 1. Mūlapariyāyavaggo > 1. Mūlapariyāyasuttavaṇṇanā > Suttanikkhepavaṇṇanā,Majjhimanikāye,Mūlapaṇṇāsa-aṭṭhakathā,1. Mūlapariyāyavaggo,1. Mūlapariyāyasuttavaṇṇanā,Suttanikkhepavaṇṇanā,
MAIN001-S295,MAIN001,2852,2856,– Ādīsu (jā. 1.1.57) paññāya.,"In such passages (Jātaka 1.1.57), the term dhamma is employed in the sense of wisdom (paññā).",H000008,5,Majjhimanikāye > Mūlapaṇṇāsa-aṭṭhakathā > 1. Mūlapariyāyavaggo > 1. Mūlapariyāyasuttavaṇṇanā > Suttanikkhepavaṇṇanā,Majjhimanikāye,Mūlapaṇṇāsa-aṭṭhakathā,1. Mūlapariyāyavaggo,1. Mūlapariyāyasuttavaṇṇanā,Suttanikkhepavaṇṇanā,
MAIN001-S296,MAIN001,2857,2861,"‘‘Jātidhammā jarādhammā, atho maraṇadhammino’’tiādīsu pakatiyaṃ.","In the passage, ‘Subject to birth, subject to aging, and indeed subject to death’ (cf. Jātaka, etc.), the term dhamma is used in the sense of natural condition (pakati).",H000008,5,Majjhimanikāye > Mūlapaṇṇāsa-aṭṭhakathā > 1. Mūlapariyāyavaggo > 1. Mūlapariyāyasuttavaṇṇanā > Suttanikkhepavaṇṇanā,Majjhimanikāye,Mūlapaṇṇāsa-aṭṭhakathā,1. Mūlapariyāyavaggo,1. Mūlapariyāyasuttavaṇṇanā,Suttanikkhepavaṇṇanā,
MAIN001-S297,MAIN001,2862,2867,‘‘Kusalā dhammā’’tiādīsu (dha. sa. 1.tikamātikā) sabhāve.,"In the passage, ‘Wholesome dhammas’ (Dhammasaṅgaṇī, Tikamātikā 1), the term dhamma is used in the sense of intrinsic nature (sabhāva).",H000008,5,Majjhimanikāye > Mūlapaṇṇāsa-aṭṭhakathā > 1. Mūlapariyāyavaggo > 1. Mūlapariyāyasuttavaṇṇanā > Suttanikkhepavaṇṇanā,Majjhimanikāye,Mūlapaṇṇāsa-aṭṭhakathā,1. Mūlapariyāyavaggo,1. Mūlapariyāyasuttavaṇṇanā,Suttanikkhepavaṇṇanā,
MAIN001-S298,MAIN001,2868,2877,‘‘Tasmiṃ kho pana samaye dhammā hontī’’tiādīsu (dha. sa. 121) suññatāyaṃ.,"In the passage, ‘At that very time, dhammas exist’ (Dhammasaṅgaṇī 121), the term dhamma is used in the sense of emptiness (suññatā).",H000008,5,Majjhimanikāye > Mūlapaṇṇāsa-aṭṭhakathā > 1. Mūlapariyāyavaggo > 1. Mūlapariyāyasuttavaṇṇanā > Suttanikkhepavaṇṇanā,Majjhimanikāye,Mūlapaṇṇāsa-aṭṭhakathā,1. Mūlapariyāyavaggo,1. Mūlapariyāyasuttavaṇṇanā,Suttanikkhepavaṇṇanā,
MAIN001-S299,MAIN001,2878,2883,‘‘Dhammo suciṇṇo sukhamāvahātī’’tiādīsu (jā. 1.10.102) puññe.,"In the passage, ‘Well-practiced dhamma brings happiness’ (Jātaka 1.10.102), the term dhamma is used in the sense of merit (puñña).",H000008,5,Majjhimanikāye > Mūlapaṇṇāsa-aṭṭhakathā > 1. Mūlapariyāyavaggo > 1. Mūlapariyāyasuttavaṇṇanā > Suttanikkhepavaṇṇanā,Majjhimanikāye,Mūlapaṇṇāsa-aṭṭhakathā,1. Mūlapariyāyavaggo,1. Mūlapariyāyasuttavaṇṇanā,Suttanikkhepavaṇṇanā,
MAIN001-S300,MAIN001,2884,2889,‘‘Dve aniyatā dhammā’’tiādīsu (pārā. 443) āpattiyaṃ.,"In the passage, ‘There are two indefinite dhammas’ (Pārājika 443), the term dhamma is used in the sense of an offense (āpatti).",H000008,5,Majjhimanikāye > Mūlapaṇṇāsa-aṭṭhakathā > 1. Mūlapariyāyavaggo > 1. Mūlapariyāyasuttavaṇṇanā > Suttanikkhepavaṇṇanā,Majjhimanikāye,Mūlapaṇṇāsa-aṭṭhakathā,1. Mūlapariyāyavaggo,1. Mūlapariyāyasuttavaṇṇanā,Suttanikkhepavaṇṇanā,
MAIN001-S301,MAIN001,2890,2898,‘‘Sabbe dhammā sabbākārena buddhassa bhagavato ñāṇamukhe āpāthaṃ āgacchantī’’tiādīsu ñeyye.,"In the passage, ‘All dhammas, in every respect, come into the scope of knowledge at the knowledge-faculty of the Blessed Buddha’ (cf. Aṅguttara Nikāya, etc.), the term dhamma is used in the sense of objects of knowledge (ñeyya).",H000008,5,Majjhimanikāye > Mūlapaṇṇāsa-aṭṭhakathā > 1. Mūlapariyāyavaggo > 1. Mūlapariyāyasuttavaṇṇanā > Suttanikkhepavaṇṇanā,Majjhimanikāye,Mūlapaṇṇāsa-aṭṭhakathā,1. Mūlapariyāyavaggo,1. Mūlapariyāyasuttavaṇṇanā,Suttanikkhepavaṇṇanā,
MAIN001-S302,MAIN001,2899,2902,Idha panāyaṃ sabhāve vattati.,"Here, however, the term is used in the sense of intrinsic nature (sabhāva).",H000008,5,Majjhimanikāye > Mūlapaṇṇāsa-aṭṭhakathā > 1. Mūlapariyāyavaggo > 1. Mūlapariyāyasuttavaṇṇanā > Suttanikkhepavaṇṇanā,Majjhimanikāye,Mūlapaṇṇāsa-aṭṭhakathā,1. Mūlapariyāyavaggo,1. Mūlapariyāyasuttavaṇṇanā,Suttanikkhepavaṇṇanā,
MAIN001-S303,MAIN001,2903,2909,Tatrāyaṃ vacanattho – attano lakkhaṇaṃ dhārentīti dhammā.,Here the meaning of the term is this: they are called dhammas because they bear their own characteristic marks.,H000008,5,Majjhimanikāye > Mūlapaṇṇāsa-aṭṭhakathā > 1. Mūlapariyāyavaggo > 1. Mūlapariyāyasuttavaṇṇanā > Suttanikkhepavaṇṇanā,Majjhimanikāye,Mūlapaṇṇāsa-aṭṭhakathā,1. Mūlapariyāyavaggo,1. Mūlapariyāyasuttavaṇṇanā,Suttanikkhepavaṇṇanā,
MAIN001-S304,MAIN001,2910,2912,Mūla-saddo vitthārito eva.,The term mūla (‘root’) has already been explained in detail.,H000008,5,Majjhimanikāye > Mūlapaṇṇāsa-aṭṭhakathā > 1. Mūlapariyāyavaggo > 1. Mūlapariyāyasuttavaṇṇanā > Suttanikkhepavaṇṇanā,Majjhimanikāye,Mūlapaṇṇāsa-aṭṭhakathā,1. Mūlapariyāyavaggo,1. Mūlapariyāyasuttavaṇṇanā,Suttanikkhepavaṇṇanā,
MAIN001-S305,MAIN001,2913,2916,Idha panāyaṃ asādhāraṇahetumhi daṭṭhabbo.,"Here, however, it should be understood in the sense of a unique or particular cause (asādhāraṇa-hetu).",H000008,5,Majjhimanikāye > Mūlapaṇṇāsa-aṭṭhakathā > 1. Mūlapariyāyavaggo > 1. Mūlapariyāyasuttavaṇṇanā > Suttanikkhepavaṇṇanā,Majjhimanikāye,Mūlapaṇṇāsa-aṭṭhakathā,1. Mūlapariyāyavaggo,1. Mūlapariyāyasuttavaṇṇanā,Suttanikkhepavaṇṇanā,
MAIN001-S306,MAIN001,2917,2925,Pariyāyasaddo ‘‘madhupiṇḍikapariyāyoti naṃ dhārehī’’tiādīsu (ma. ni. 1.205) desanāyaṃ vattati.,"The term pariyāya, as in the passage ‘Bear in mind this as the Honey-ball Discourse (Madhupiṇḍika-pariyāya)’ (Majjhima Nikāya 1.205), is used in the sense of a teaching (desanā).",H000008,5,Majjhimanikāye > Mūlapaṇṇāsa-aṭṭhakathā > 1. Mūlapariyāyavaggo > 1. Mūlapariyāyasuttavaṇṇanā > Suttanikkhepavaṇṇanā,Majjhimanikāye,Mūlapaṇṇāsa-aṭṭhakathā,1. Mūlapariyāyavaggo,1. Mūlapariyāyasuttavaṇṇanā,Suttanikkhepavaṇṇanā,
MAIN001-S307,MAIN001,2926,2941,"‘‘Atthi khvesa brāhmaṇa, pariyāyo, yena maṃ pariyāyena sammā vadamāno vadeyya akiriyavādo samaṇo gotamo’’tiādīsu (pārā. 3) kāraṇe.","In the passage, ‘There is, brahmin, a mode (pariyāya) by which, if one were to speak rightly, one could say: “The ascetic Gotama is a teacher of non-action”’ (Pārājika 3), the term pariyāya is used in the sense of cause or reason (kāraṇa).",H000008,5,Majjhimanikāye > Mūlapaṇṇāsa-aṭṭhakathā > 1. Mūlapariyāyavaggo > 1. Mūlapariyāyasuttavaṇṇanā > Suttanikkhepavaṇṇanā,Majjhimanikāye,Mūlapaṇṇāsa-aṭṭhakathā,1. Mūlapariyāyavaggo,1. Mūlapariyāyasuttavaṇṇanā,Suttanikkhepavaṇṇanā,
MAIN001-S308,MAIN001,2942,2953,"‘‘Kassa nu kho, ānanda, ajja pariyāyo bhikkhuniyo ovaditu’’ntiādīsu (ma. ni. 3.398) vāre.","In the passage, ‘Ānanda, whose turn (pariyāya) is it today to instruct the bhikkhunīs?’ (Majjhima Nikāya 3.398), the term pariyāya is used in the sense of turn or occasion (vāra).",H000008,5,Majjhimanikāye > Mūlapaṇṇāsa-aṭṭhakathā > 1. Mūlapariyāyavaggo > 1. Mūlapariyāyasuttavaṇṇanā > Suttanikkhepavaṇṇanā,Majjhimanikāye,Mūlapaṇṇāsa-aṭṭhakathā,1. Mūlapariyāyavaggo,1. Mūlapariyāyasuttavaṇṇanā,Suttanikkhepavaṇṇanā,
MAIN001-S309,MAIN001,2954,2958,Idha pana kāraṇepi desanāyampi vattati.,"Here, however, the term is used both in the sense of cause (kāraṇa) and in the sense of teaching (desanā).",H000008,5,Majjhimanikāye > Mūlapaṇṇāsa-aṭṭhakathā > 1. Mūlapariyāyavaggo > 1. Mūlapariyāyasuttavaṇṇanā > Suttanikkhepavaṇṇanā,Majjhimanikāye,Mūlapaṇṇāsa-aṭṭhakathā,1. Mūlapariyāyavaggo,1. Mūlapariyāyasuttavaṇṇanā,Suttanikkhepavaṇṇanā,
MAIN001-S310,MAIN001,2959,2973,Tasmā ‘‘sabbadhammamūlapariyāya’’nti ettha sabbesaṃ dhammānaṃ asādhāraṇahetusaññitaṃ kāraṇanti vā sabbesaṃ dhammānaṃ kāraṇadesananti vā evaṃ attho daṭṭhabbo.,"Therefore, in the expression sabbadhammamūlapariyāya, the meaning should be understood either as ‘the cause designated as the unique root of all phenomena,’ or as ‘the teaching on the cause of all phenomena.",H000008,5,Majjhimanikāye > Mūlapaṇṇāsa-aṭṭhakathā > 1. Mūlapariyāyavaggo > 1. Mūlapariyāyasuttavaṇṇanā > Suttanikkhepavaṇṇanā,Majjhimanikāye,Mūlapaṇṇāsa-aṭṭhakathā,1. Mūlapariyāyavaggo,1. Mūlapariyāyasuttavaṇṇanā,Suttanikkhepavaṇṇanā,
MAIN001-S311,MAIN001,2974,2981,"Neyyatthattā cassa suttassa, na catubhūmakāpi sabhāvadhammā sabbadhammāti veditabbā.","And since this discourse is of indirect meaning (neyyattha), even the natural phenomena belonging to the four planes of existence are not to be understood here as ‘all phenomena.",H000008,5,Majjhimanikāye > Mūlapaṇṇāsa-aṭṭhakathā > 1. Mūlapariyāyavaggo > 1. Mūlapariyāyasuttavaṇṇanā > Suttanikkhepavaṇṇanā,Majjhimanikāye,Mūlapaṇṇāsa-aṭṭhakathā,1. Mūlapariyāyavaggo,1. Mūlapariyāyasuttavaṇṇanā,Suttanikkhepavaṇṇanā,
MAIN001-S312,MAIN001,2982,2989,"Sakkāyapariyāpannā pana tebhūmakā dhammāva anavasesato veditabbā, ayamettha adhippāyoti.","Rather, it should be understood that only the phenomena of the three planes of existence, included within the notion of personality (*sakkāya*), are intended here in their entirety; this is the meaning in this context.",H000008,5,Majjhimanikāye > Mūlapaṇṇāsa-aṭṭhakathā > 1. Mūlapariyāyavaggo > 1. Mūlapariyāyasuttavaṇṇanā > Suttanikkhepavaṇṇanā,Majjhimanikāye,Mūlapaṇṇāsa-aṭṭhakathā,1. Mūlapariyāyavaggo,1. Mūlapariyāyasuttavaṇṇanā,Suttanikkhepavaṇṇanā,
MAIN001-S313,MAIN001,2990,2994,Voti ayaṃ vo-saddo paccattaupayogakaraṇasampadānasāmivacanapadapūraṇesu dissati.,"The particle vo is found used in various senses: as indicating the second person plural (paccatta), as denoting object, instrument, and recipient, as well as in possessive expressions, and also as a filler for completing the sentence.",H000008,5,Majjhimanikāye > Mūlapaṇṇāsa-aṭṭhakathā > 1. Mūlapariyāyavaggo > 1. Mūlapariyāyasuttavaṇṇanā > Suttanikkhepavaṇṇanā,Majjhimanikāye,Mūlapaṇṇāsa-aṭṭhakathā,1. Mūlapariyāyavaggo,1. Mūlapariyāyasuttavaṇṇanā,Suttanikkhepavaṇṇanā,
MAIN001-S314,MAIN001,2995,3006,"‘‘Kacci pana vo, anuruddhā, samaggā sammodamānā’’tiādīsu (ma. ni. 1.326) hi paccatte dissati.","In the passage, ‘I trust, Anuruddhas, that you are living in concord, harmoniously’ (Majjhima Nikāya 1.326), the term vo is used in the sense of the second person plural (paccatta).",H000008,5,Majjhimanikāye > Mūlapaṇṇāsa-aṭṭhakathā > 1. Mūlapariyāyavaggo > 1. Mūlapariyāyasuttavaṇṇanā > Suttanikkhepavaṇṇanā,Majjhimanikāye,Mūlapaṇṇāsa-aṭṭhakathā,1. Mūlapariyāyavaggo,1. Mūlapariyāyasuttavaṇṇanā,Suttanikkhepavaṇṇanā,
MAIN001-S315,MAIN001,3007,3014,"‘‘Gacchatha, bhikkhave, paṇāmemi vo’’tiādīsu (ma. ni. 2.157) upayoge.","In the passage, ‘Go forth, monks, I dismiss you (vo)’ (Majjhima Nikāya 2.157), the term vo is used in the sense of the object case (upayoga).",H000008,5,Majjhimanikāye > Mūlapaṇṇāsa-aṭṭhakathā > 1. Mūlapariyāyavaggo > 1. Mūlapariyāyasuttavaṇṇanā > Suttanikkhepavaṇṇanā,Majjhimanikāye,Mūlapaṇṇāsa-aṭṭhakathā,1. Mūlapariyāyavaggo,1. Mūlapariyāyasuttavaṇṇanā,Suttanikkhepavaṇṇanā,
MAIN001-S316,MAIN001,3015,3023,‘‘Na vo mama santike vatthabba’’ntiādīsu (ma. ni. 2.157) karaṇe.,"In the passage, ‘You (vo) must not remain in my presence’ (Majjhima Nikāya 2.157), the term vo is used in the instrumental sense (karaṇa).",H000008,5,Majjhimanikāye > Mūlapaṇṇāsa-aṭṭhakathā > 1. Mūlapariyāyavaggo > 1. Mūlapariyāyasuttavaṇṇanā > Suttanikkhepavaṇṇanā,Majjhimanikāye,Mūlapaṇṇāsa-aṭṭhakathā,1. Mūlapariyāyavaggo,1. Mūlapariyāyasuttavaṇṇanā,Suttanikkhepavaṇṇanā,
MAIN001-S317,MAIN001,3024,3031,"‘‘Vanapatthapariyāyaṃ vo, bhikkhave, desessāmī’’tiādīsu (ma. ni. 1.190) sampadāne.","In the passage, ‘Monks, I shall teach you (vo) the Discourse on the Forest’ (Majjhima Nikāya 1.190), the term vo is used in the sense of recipient (sampadāna).",H000008,5,Majjhimanikāye > Mūlapaṇṇāsa-aṭṭhakathā > 1. Mūlapariyāyavaggo > 1. Mūlapariyāyasuttavaṇṇanā > Suttanikkhepavaṇṇanā,Majjhimanikāye,Mūlapaṇṇāsa-aṭṭhakathā,1. Mūlapariyāyavaggo,1. Mūlapariyāyasuttavaṇṇanā,Suttanikkhepavaṇṇanā,
MAIN001-S318,MAIN001,3032,3039,"‘‘Sabbesaṃ vo, sāriputta, subhāsita’’ntiādīsu (ma. ni. 1.345) sāmivacane.","In the passage, ‘All of your (vo) words, Sāriputta, are well spoken’ (Majjhima Nikāya 1.345), the term vo is used in the possessive sense (sāmivacana).",H000008,5,Majjhimanikāye > Mūlapaṇṇāsa-aṭṭhakathā > 1. Mūlapariyāyavaggo > 1. Mūlapariyāyasuttavaṇṇanā > Suttanikkhepavaṇṇanā,Majjhimanikāye,Mūlapaṇṇāsa-aṭṭhakathā,1. Mūlapariyāyavaggo,1. Mūlapariyāyasuttavaṇṇanā,Suttanikkhepavaṇṇanā,
MAIN001-S319,MAIN001,3040,3048,‘‘Ye hi vo ariyā parisuddhakāyakammantā’’tiādīsu (ma. ni. 1.35) padapūraṇamatte.,"In the passage, ‘For those noble ones of you (vo), whose bodily conduct is purified’ (Majjhima Nikāya 1.35), the term vo is used merely as a filler for completing the expression (padapūraṇa).",H000008,5,Majjhimanikāye > Mūlapaṇṇāsa-aṭṭhakathā > 1. Mūlapariyāyavaggo > 1. Mūlapariyāyasuttavaṇṇanā > Suttanikkhepavaṇṇanā,Majjhimanikāye,Mūlapaṇṇāsa-aṭṭhakathā,1. Mūlapariyāyavaggo,1. Mūlapariyāyasuttavaṇṇanā,Suttanikkhepavaṇṇanā,
MAIN001-S320,MAIN001,3049,3052,Idha panāyaṃ sampadāne daṭṭhabbo.,"Here, however, it should be understood in the sense of recipient (sampadāna).",H000008,5,Majjhimanikāye > Mūlapaṇṇāsa-aṭṭhakathā > 1. Mūlapariyāyavaggo > 1. Mūlapariyāyasuttavaṇṇanā > Suttanikkhepavaṇṇanā,Majjhimanikāye,Mūlapaṇṇāsa-aṭṭhakathā,1. Mūlapariyāyavaggo,1. Mūlapariyāyasuttavaṇṇanā,Suttanikkhepavaṇṇanā,
MAIN001-S321,MAIN001,3053,3056,Bhikkhaveti patissavena abhimukhībhūtānaṃ punālapanaṃ.,"The address bhikkhave (‘monks’) is a repeated form of direct calling, intended for those who have turned their attention in acknowledgment.",H000008,5,Majjhimanikāye > Mūlapaṇṇāsa-aṭṭhakathā > 1. Mūlapariyāyavaggo > 1. Mūlapariyāyasuttavaṇṇanā > Suttanikkhepavaṇṇanā,Majjhimanikāye,Mūlapaṇṇāsa-aṭṭhakathā,1. Mūlapariyāyavaggo,1. Mūlapariyāyasuttavaṇṇanā,Suttanikkhepavaṇṇanā,
MAIN001-S322,MAIN001,3057,3058,Desessāmīti desanāpaṭijānanaṃ.,I shall teach’ (desessāmi) is an acknowledgment of the act of giving a discourse.,H000008,5,Majjhimanikāye > Mūlapaṇṇāsa-aṭṭhakathā > 1. Mūlapariyāyavaggo > 1. Mūlapariyāyasuttavaṇṇanā > Suttanikkhepavaṇṇanā,Majjhimanikāye,Mūlapaṇṇāsa-aṭṭhakathā,1. Mūlapariyāyavaggo,1. Mūlapariyāyasuttavaṇṇanā,Suttanikkhepavaṇṇanā,
MAIN001-S323,MAIN001,3059,3071,"Idaṃ vuttaṃ hoti, bhikkhave, sabbadhammānaṃ mūlakāraṇaṃ tumhākaṃ desessāmi, dutiyena nayena kāraṇadesanaṃ tumhākaṃ desessāmīti.","The meaning here is this: ‘Monks, I shall teach you the root cause of all phenomena; in a secondary sense, I shall teach you the exposition of causes.",H000008,5,Majjhimanikāye > Mūlapaṇṇāsa-aṭṭhakathā > 1. Mūlapariyāyavaggo > 1. Mūlapariyāyasuttavaṇṇanā > Suttanikkhepavaṇṇanā,Majjhimanikāye,Mūlapaṇṇāsa-aṭṭhakathā,1. Mūlapariyāyavaggo,1. Mūlapariyāyasuttavaṇṇanā,Suttanikkhepavaṇṇanā,
MAIN001-S324,MAIN001,3072,3081,Taṃ suṇāthāti tamatthaṃ taṃ kāraṇaṃ taṃ desanaṃ mayā vuccamānaṃ suṇātha.,"Listen to that’ means: listen to that meaning, that cause, that exposition as it is being spoken by me.",H000008,5,Majjhimanikāye > Mūlapaṇṇāsa-aṭṭhakathā > 1. Mūlapariyāyavaggo > 1. Mūlapariyāyasuttavaṇṇanā > Suttanikkhepavaṇṇanā,Majjhimanikāye,Mūlapaṇṇāsa-aṭṭhakathā,1. Mūlapariyāyavaggo,1. Mūlapariyāyasuttavaṇṇanā,Suttanikkhepavaṇṇanā,
MAIN001-S325,MAIN001,3082,3089,Sādhukaṃ manasi karothāti ettha pana sādhukaṃ sādhūti ekatthametaṃ.,Attend carefully’ (sādhukaṃ manasi karotha) — here the words sādhukaṃ and sādhu have the same meaning.,H000008,5,Majjhimanikāye > Mūlapaṇṇāsa-aṭṭhakathā > 1. Mūlapariyāyavaggo > 1. Mūlapariyāyasuttavaṇṇanā > Suttanikkhepavaṇṇanā,Majjhimanikāye,Mūlapaṇṇāsa-aṭṭhakathā,1. Mūlapariyāyavaggo,1. Mūlapariyāyasuttavaṇṇanā,Suttanikkhepavaṇṇanā,
MAIN001-S326,MAIN001,3090,3094,Ayañca sādhu saddo āyācanasampaṭicchanasampahaṃsanasundaradaḷhīkammādīsu dissati.,"And the term sādhu is found used in various contexts: as an expression of request (āyācana), of assent (sampaṭicchana), of approval (sampahaṃsana), of beauty (sundara), and of firm establishment (daḷhīkamma), and so forth.",H000008,5,Majjhimanikāye > Mūlapaṇṇāsa-aṭṭhakathā > 1. Mūlapariyāyavaggo > 1. Mūlapariyāyasuttavaṇṇanā > Suttanikkhepavaṇṇanā,Majjhimanikāye,Mūlapaṇṇāsa-aṭṭhakathā,1. Mūlapariyāyavaggo,1. Mūlapariyāyasuttavaṇṇanā,Suttanikkhepavaṇṇanā,
MAIN001-S327,MAIN001,3095,3107,"‘‘Sādhu me bhante bhagavā, saṃkhittena dhammaṃ desetū’’tiādīsu (saṃ. ni. 4.95) hi āyācane dissati.","In the passage, ‘It would be good, venerable sir, if the Blessed One would teach me the Dhamma in brief’ (Saṃyutta Nikāya 4.95), the term sādhu is used in the sense of request (āyācana).",H000008,5,Majjhimanikāye > Mūlapaṇṇāsa-aṭṭhakathā > 1. Mūlapariyāyavaggo > 1. Mūlapariyāyasuttavaṇṇanā > Suttanikkhepavaṇṇanā,Majjhimanikāye,Mūlapaṇṇāsa-aṭṭhakathā,1. Mūlapariyāyavaggo,1. Mūlapariyāyasuttavaṇṇanā,Suttanikkhepavaṇṇanā,
MAIN001-S328,MAIN001,3108,3120,"‘‘Sādhu, bhanteti kho so bhikkhu bhagavato bhāsitaṃ abhinanditvā anumoditvā’’tiādīsu (ma. ni. 3.86) sampaṭicchane.","In the passage, ‘Good, venerable sir,’ that bhikkhu approved and consented to the Blessed One’s words (Majjhima Nikāya 3.86), the term sādhu is used in the sense of assent (sampaṭicchana).",H000008,5,Majjhimanikāye > Mūlapaṇṇāsa-aṭṭhakathā > 1. Mūlapariyāyavaggo > 1. Mūlapariyāyasuttavaṇṇanā > Suttanikkhepavaṇṇanā,Majjhimanikāye,Mūlapaṇṇāsa-aṭṭhakathā,1. Mūlapariyāyavaggo,1. Mūlapariyāyasuttavaṇṇanā,Suttanikkhepavaṇṇanā,
MAIN001-S329,MAIN001,3121,3127,"‘‘Sādhu, sādhu sāriputtā’’tiādīsu (dī. ni. 3.349) sampahaṃsane.","In the passage, ‘Well done, well done, Sāriputta’ (Dīgha Nikāya 3.349), the term sādhu is used in the sense of approval (sampahaṃsana).",H000008,5,Majjhimanikāye > Mūlapaṇṇāsa-aṭṭhakathā > 1. Mūlapariyāyavaggo > 1. Mūlapariyāyasuttavaṇṇanā > Suttanikkhepavaṇṇanā,Majjhimanikāye,Mūlapaṇṇāsa-aṭṭhakathā,1. Mūlapariyāyavaggo,1. Mūlapariyāyasuttavaṇṇanā,Suttanikkhepavaṇṇanā,
MAIN001-S330,MAIN001,3128,3137,"‘‘Sādhu dhammarucī rājā, sādhu paññāṇavā naro; Sādhu mittānamaddubbho, pāpassākaraṇaṃ sukha’’nti.","In the passage, ‘Good is the king who delights in Dhamma, good is the man endowed with wisdom; good is one who does not betray his friends, and happiness is the abstention from evil,’ the term sādhu is used in the sense of ‘good’ or ‘excellent’ (sundara).",H000008,5,Majjhimanikāye > Mūlapaṇṇāsa-aṭṭhakathā > 1. Mūlapariyāyavaggo > 1. Mūlapariyāyasuttavaṇṇanā > Suttanikkhepavaṇṇanā,Majjhimanikāye,Mūlapaṇṇāsa-aṭṭhakathā,1. Mūlapariyāyavaggo,1. Mūlapariyāyasuttavaṇṇanā,Suttanikkhepavaṇṇanā,
MAIN001-S331,MAIN001,3138,3141,Ādīsu (jā. 2.18.101) sundare.,"In such passages (Jātaka 2.18.101), the term sādhu is used in the sense of ‘good’ or ‘beautiful’ (sundara).",H000008,5,Majjhimanikāye > Mūlapaṇṇāsa-aṭṭhakathā > 1. Mūlapariyāyavaggo > 1. Mūlapariyāyasuttavaṇṇanā > Suttanikkhepavaṇṇanā,Majjhimanikāye,Mūlapaṇṇāsa-aṭṭhakathā,1. Mūlapariyāyavaggo,1. Mūlapariyāyasuttavaṇṇanā,Suttanikkhepavaṇṇanā,
MAIN001-S332,MAIN001,3142,3153,"‘‘Tena hi, brāhmaṇa, sādhukaṃ suṇāhī’’tiādīsu (a. ni. 5.192) sādhukasaddoyeva daḷhīkamme, āṇattiyantipi vuccati.","In the passage, ‘Well then, brahmin, listen carefully’ (Aṅguttara Nikāya 5.192), the word sādhukaṃ is used in the sense of firm establishment (daḷhīkamma), and it is also called an injunction (āṇatti).",H000008,5,Majjhimanikāye > Mūlapaṇṇāsa-aṭṭhakathā > 1. Mūlapariyāyavaggo > 1. Mūlapariyāyasuttavaṇṇanā > Suttanikkhepavaṇṇanā,Majjhimanikāye,Mūlapaṇṇāsa-aṭṭhakathā,1. Mūlapariyāyavaggo,1. Mūlapariyāyasuttavaṇṇanā,Suttanikkhepavaṇṇanā,
MAIN001-S333,MAIN001,3154,3161,Idhāpi ayaṃ ettheva daḷhīkamme ca āṇattiyañca attho veditabbo.,"Here too, in this context, the meaning should be understood precisely as firm establishment (daḷhīkamma) and as injunction (āṇatti).",H000008,5,Majjhimanikāye > Mūlapaṇṇāsa-aṭṭhakathā > 1. Mūlapariyāyavaggo > 1. Mūlapariyāyasuttavaṇṇanā > Suttanikkhepavaṇṇanā,Majjhimanikāye,Mūlapaṇṇāsa-aṭṭhakathā,1. Mūlapariyāyavaggo,1. Mūlapariyāyasuttavaṇṇanā,Suttanikkhepavaṇṇanā,
MAIN001-S334,MAIN001,3162,3163,Sundaratthepi vattati.,It is also used in the sense of ‘good’ or ‘excellent’ (sundara).,H000008,5,Majjhimanikāye > Mūlapaṇṇāsa-aṭṭhakathā > 1. Mūlapariyāyavaggo > 1. Mūlapariyāyasuttavaṇṇanā > Suttanikkhepavaṇṇanā,Majjhimanikāye,Mūlapaṇṇāsa-aṭṭhakathā,1. Mūlapariyāyavaggo,1. Mūlapariyāyasuttavaṇṇanā,Suttanikkhepavaṇṇanā,
MAIN001-S335,MAIN001,3164,3170,Daḷhīkaraṇatthena hi daḷhamimaṃ dhammaṃ suṇātha suggahitaṃ gaṇhantā.,"For in the sense of firm establishment, it means: ‘Listen to this Dhamma attentively, taking it up well and firmly.",H000008,5,Majjhimanikāye > Mūlapaṇṇāsa-aṭṭhakathā > 1. Mūlapariyāyavaggo > 1. Mūlapariyāyasuttavaṇṇanā > Suttanikkhepavaṇṇanā,Majjhimanikāye,Mūlapaṇṇāsa-aṭṭhakathā,1. Mūlapariyāyavaggo,1. Mūlapariyāyasuttavaṇṇanā,Suttanikkhepavaṇṇanā,
MAIN001-S336,MAIN001,3171,3174,Āṇattiatthena mama āṇattiyā suṇātha.,"In the sense of injunction, it means: ‘Listen in accordance with my instruction.",H000008,5,Majjhimanikāye > Mūlapaṇṇāsa-aṭṭhakathā > 1. Mūlapariyāyavaggo > 1. Mūlapariyāyasuttavaṇṇanā > Suttanikkhepavaṇṇanā,Majjhimanikāye,Mūlapaṇṇāsa-aṭṭhakathā,1. Mūlapariyāyavaggo,1. Mūlapariyāyasuttavaṇṇanā,Suttanikkhepavaṇṇanā,
MAIN001-S337,MAIN001,3175,3182,Sundaratthena sundaramimaṃ bhaddakaṃ dhammaṃ suṇāthāti evaṃ dīpitaṃ hoti.,"In the sense of excellence, it means: ‘Listen to this Dhamma which is good and auspicious’; thus it is indicated.",H000008,5,Majjhimanikāye > Mūlapaṇṇāsa-aṭṭhakathā > 1. Mūlapariyāyavaggo > 1. Mūlapariyāyasuttavaṇṇanā > Suttanikkhepavaṇṇanā,Majjhimanikāye,Mūlapaṇṇāsa-aṭṭhakathā,1. Mūlapariyāyavaggo,1. Mūlapariyāyasuttavaṇṇanā,Suttanikkhepavaṇṇanā,
MAIN001-S338,MAIN001,3183,3193,"Manasi karothāti āvajjetha, samannāharathāti attho, avikkhittacittā hutvā nisāmetha citte karothāti adhippāyo.","‘Attend in mind’ (manasi karotha) means: direct your attention, gather it together; the meaning is, ‘Listen with undistracted mind, making it an object of thought",H000008,5,Majjhimanikāye > Mūlapaṇṇāsa-aṭṭhakathā > 1. Mūlapariyāyavaggo > 1. Mūlapariyāyasuttavaṇṇanā > Suttanikkhepavaṇṇanā,Majjhimanikāye,Mūlapaṇṇāsa-aṭṭhakathā,1. Mūlapariyāyavaggo,1. Mūlapariyāyasuttavaṇṇanā,Suttanikkhepavaṇṇanā,
MAIN001-S339,MAIN001,3194,3197,Idānettha taṃ suṇāthāti sotindriyavikkhepavāraṇametaṃ.,"Here, the phrase ‘listen to that’ (taṃ suṇātha) serves as a safeguard against the distraction of the faculty of hearing.",H000008,5,Majjhimanikāye > Mūlapaṇṇāsa-aṭṭhakathā > 1. Mūlapariyāyavaggo > 1. Mūlapariyāyasuttavaṇṇanā > Suttanikkhepavaṇṇanā,Majjhimanikāye,Mūlapaṇṇāsa-aṭṭhakathā,1. Mūlapariyāyavaggo,1. Mūlapariyāyasuttavaṇṇanā,Suttanikkhepavaṇṇanā,
MAIN001-S340,MAIN001,3198,3203,Sādhukaṃ manasi karothāti manasikāre daḷhīkammaniyojanena manindriyavikkhepavāraṇaṃ.,"Attend carefully’ (sādhukaṃ manasi karotha) is a restraint against the distraction of the mind faculty, through the firm application of attention.",H000008,5,Majjhimanikāye > Mūlapaṇṇāsa-aṭṭhakathā > 1. Mūlapariyāyavaggo > 1. Mūlapariyāyasuttavaṇṇanā > Suttanikkhepavaṇṇanā,Majjhimanikāye,Mūlapaṇṇāsa-aṭṭhakathā,1. Mūlapariyāyavaggo,1. Mūlapariyāyasuttavaṇṇanā,Suttanikkhepavaṇṇanā,
MAIN001-S341,MAIN001,3204,3207,"Purimañcettha byañjanavipallāsaggāhavāraṇaṃ, pacchimaṃ atthavipallāsaggāhavāraṇaṃ.","Here, the former phrase serves as a safeguard against grasping a distortion of expression (byañjana-vipallāsa), while the latter serves as a safeguard against grasping a distortion of meaning (attha-vipallāsa).",H000008,5,Majjhimanikāye > Mūlapaṇṇāsa-aṭṭhakathā > 1. Mūlapariyāyavaggo > 1. Mūlapariyāyasuttavaṇṇanā > Suttanikkhepavaṇṇanā,Majjhimanikāye,Mūlapaṇṇāsa-aṭṭhakathā,1. Mūlapariyāyavaggo,1. Mūlapariyāyasuttavaṇṇanā,Suttanikkhepavaṇṇanā,
MAIN001-S342,MAIN001,3208,3215,"Purimena ca dhammassavane niyojeti, pacchimena sutānaṃ dhammānaṃ dhāraṇūpaparikkhādīsu.","By the former, he enjoins the act of listening to the Dhamma; by the latter, he directs towards the retention, examination, and related applications of the Dhammas that have been heard.",H000008,5,Majjhimanikāye > Mūlapaṇṇāsa-aṭṭhakathā > 1. Mūlapariyāyavaggo > 1. Mūlapariyāyasuttavaṇṇanā > Suttanikkhepavaṇṇanā,Majjhimanikāye,Mūlapaṇṇāsa-aṭṭhakathā,1. Mūlapariyāyavaggo,1. Mūlapariyāyasuttavaṇṇanā,Suttanikkhepavaṇṇanā,
MAIN001-S343,MAIN001,3216,3223,"Purimena ca sabyañjano ayaṃ dhammo, tasmā savanīyoti dīpeti.","By the former, he indicates: ‘This Dhamma is complete in expression, therefore it is to be listened to.",H000008,5,Majjhimanikāye > Mūlapaṇṇāsa-aṭṭhakathā > 1. Mūlapariyāyavaggo > 1. Mūlapariyāyasuttavaṇṇanā > Suttanikkhepavaṇṇanā,Majjhimanikāye,Mūlapaṇṇāsa-aṭṭhakathā,1. Mūlapariyāyavaggo,1. Mūlapariyāyasuttavaṇṇanā,Suttanikkhepavaṇṇanā,
MAIN001-S344,MAIN001,3224,3228,"Pacchimena sāttho, tasmā manasi kātabboti.","By the latter, he indicates: ‘This Dhamma is rich in meaning, therefore it should be attended to in mind.",H000008,5,Majjhimanikāye > Mūlapaṇṇāsa-aṭṭhakathā > 1. Mūlapariyāyavaggo > 1. Mūlapariyāyasuttavaṇṇanā > Suttanikkhepavaṇṇanā,Majjhimanikāye,Mūlapaṇṇāsa-aṭṭhakathā,1. Mūlapariyāyavaggo,1. Mūlapariyāyasuttavaṇṇanā,Suttanikkhepavaṇṇanā,
MAIN001-S345,MAIN001,3229,3252,"Sādhukapadaṃ vā ubhayapadehi yojetvā yasmā ayaṃ dhammo dhammagambhīro desanāgambhīro ca, tasmā suṇātha sādhukaṃ, yasmā atthagambhīro paṭivedhagambhīro ca, tasmā sādhukaṃ manasi karothāti evaṃ yojanā veditabbā.","Or again, by connecting the word sādhuka with both expressions, the meaning is to be understood thus: because this Dhamma is profound in its doctrinal content and profound in its mode of exposition, therefore ‘listen well’; and because it is profound in meaning and profound in realization, therefore ‘attend carefully in mind.",H000008,5,Majjhimanikāye > Mūlapaṇṇāsa-aṭṭhakathā > 1. Mūlapariyāyavaggo > 1. Mūlapariyāyasuttavaṇṇanā > Suttanikkhepavaṇṇanā,Majjhimanikāye,Mūlapaṇṇāsa-aṭṭhakathā,1. Mūlapariyāyavaggo,1. Mūlapariyāyasuttavaṇṇanā,Suttanikkhepavaṇṇanā,
MAIN001-S346,MAIN001,3253,3254,Bhāsissāmīti desessāmi.,I shall speak’ (bhāsissāmi) means ‘I shall teach’ (desessāmi).,H000008,5,Majjhimanikāye > Mūlapaṇṇāsa-aṭṭhakathā > 1. Mūlapariyāyavaggo > 1. Mūlapariyāyasuttavaṇṇanā > Suttanikkhepavaṇṇanā,Majjhimanikāye,Mūlapaṇṇāsa-aṭṭhakathā,1. Mūlapariyāyavaggo,1. Mūlapariyāyasuttavaṇṇanā,Suttanikkhepavaṇṇanā,
MAIN001-S347,MAIN001,3255,3273,"‘‘Taṃ suṇāthā’’ti ettha paṭiññātaṃ desanaṃ na saṃkhittatova desessāmi, apica kho vitthāratopi naṃ bhāsissāmīti vuttaṃ hoti, saṅkhepavitthāravācakāni hi etāni padāni.","In the phrase ‘Listen to that,’ the meaning is: the teaching that has been promised, I will not teach merely in concise form, but rather I will also expound it in extended detail; for indeed these words denote both brevity and elaboration.",H000008,5,Majjhimanikāye > Mūlapaṇṇāsa-aṭṭhakathā > 1. Mūlapariyāyavaggo > 1. Mūlapariyāyasuttavaṇṇanā > Suttanikkhepavaṇṇanā,Majjhimanikāye,Mūlapaṇṇāsa-aṭṭhakathā,1. Mūlapariyāyavaggo,1. Mūlapariyāyasuttavaṇṇanā,Suttanikkhepavaṇṇanā,
MAIN001-S348,MAIN001,3274,3304,"Yathāha vaṅgīsatthero – ‘‘Saṃkhittenapi deseti, vitthārenapi bhāsati; Sāḷikāyiva nigghoso, paṭibhānaṃ udīrayī’’ti. (saṃ. ni. 1.214); Evaṃ vutte ussāhajātā hutvā evaṃ bhanteti kho te bhikkhū bhagavato paccassosuṃ satthu vacanaṃ sampaṭicchiṃsu, paṭiggahesunti vuttaṃ hoti.","As the Elder Vaṅgīsa said: ‘He teaches both in brief and speaks in detail; like the cry of the heron, he uttered his inspired utterance’ (Saṃyutta Nikāya 1.214). When this was said, the monks, being aroused with enthusiasm, responded, ‘Yes, venerable sir,’ and thus they assented to, accepted, and received the Blessed One’s words.",H000008,5,Majjhimanikāye > Mūlapaṇṇāsa-aṭṭhakathā > 1. Mūlapariyāyavaggo > 1. Mūlapariyāyasuttavaṇṇanā > Suttanikkhepavaṇṇanā,Majjhimanikāye,Mūlapaṇṇāsa-aṭṭhakathā,1. Mūlapariyāyavaggo,1. Mūlapariyāyasuttavaṇṇanā,Suttanikkhepavaṇṇanā,
MAIN001-S349,MAIN001,3305,3316,Atha nesaṃ bhagavā etadavoca etaṃ idāni vattabbaṃ idha bhikkhavotiādikaṃ sakalaṃ suttaṃ avoca.,"Then the Blessed One addressed them, saying: ‘Monks, this is now to be spoken,’ and so on; and he proceeded to deliver the entire discourse.",H000008,5,Majjhimanikāye > Mūlapaṇṇāsa-aṭṭhakathā > 1. Mūlapariyāyavaggo > 1. Mūlapariyāyasuttavaṇṇanā > Suttanikkhepavaṇṇanā,Majjhimanikāye,Mūlapaṇṇāsa-aṭṭhakathā,1. Mūlapariyāyavaggo,1. Mūlapariyāyasuttavaṇṇanā,Suttanikkhepavaṇṇanā,
MAIN001-S350,MAIN001,3317,3320,Tattha idhāti desāpadese nipāto.,"Here, the term idha is an indeclinable particle employed in the sense of indicating place or locality (desāpadesa).",H000008,5,Majjhimanikāye > Mūlapaṇṇāsa-aṭṭhakathā > 1. Mūlapariyāyavaggo > 1. Mūlapariyāyasuttavaṇṇanā > Suttanikkhepavaṇṇanā,Majjhimanikāye,Mūlapaṇṇāsa-aṭṭhakathā,1. Mūlapariyāyavaggo,1. Mūlapariyāyasuttavaṇṇanā,Suttanikkhepavaṇṇanā,
MAIN001-S351,MAIN001,3321,3325,Svāyaṃ katthaci lokaṃ upādāya vuccati.,"This, on some occasions, is spoken with reference to the world (loka).",H000008,5,Majjhimanikāye > Mūlapaṇṇāsa-aṭṭhakathā > 1. Mūlapariyāyavaggo > 1. Mūlapariyāyasuttavaṇṇanā > Suttanikkhepavaṇṇanā,Majjhimanikāye,Mūlapaṇṇāsa-aṭṭhakathā,1. Mūlapariyāyavaggo,1. Mūlapariyāyasuttavaṇṇanā,Suttanikkhepavaṇṇanā,
MAIN001-S352,MAIN001,3326,3334,Yathāha – ‘‘idha tathāgato loke uppajjatī’’ti (dī. ni. 1.190).,"As it is said: ‘Here, a Tathāgata arises in the world’ (Dīgha Nikāya 1.190).",H000008,5,Majjhimanikāye > Mūlapaṇṇāsa-aṭṭhakathā > 1. Mūlapariyāyavaggo > 1. Mūlapariyāyasuttavaṇṇanā > Suttanikkhepavaṇṇanā,Majjhimanikāye,Mūlapaṇṇāsa-aṭṭhakathā,1. Mūlapariyāyavaggo,1. Mūlapariyāyasuttavaṇṇanā,Suttanikkhepavaṇṇanā,
MAIN001-S353,MAIN001,3335,3336,Katthaci sāsanaṃ.,"In some contexts, it refers to the Dispensation (sāsana).",H000008,5,Majjhimanikāye > Mūlapaṇṇāsa-aṭṭhakathā > 1. Mūlapariyāyavaggo > 1. Mūlapariyāyasuttavaṇṇanā > Suttanikkhepavaṇṇanā,Majjhimanikāye,Mūlapaṇṇāsa-aṭṭhakathā,1. Mūlapariyāyavaggo,1. Mūlapariyāyasuttavaṇṇanā,Suttanikkhepavaṇṇanā,
MAIN001-S354,MAIN001,3337,3347,"Yathāha – ‘‘idheva, bhikkhave, samaṇo, idha dutiyo samaṇo’’ti (a. ni. 4.241).","As it is said: ‘Here indeed, monks, is the ascetic; here is a second ascetic’ (Aṅguttara Nikāya 4.241).",H000008,5,Majjhimanikāye > Mūlapaṇṇāsa-aṭṭhakathā > 1. Mūlapariyāyavaggo > 1. Mūlapariyāyasuttavaṇṇanā > Suttanikkhepavaṇṇanā,Majjhimanikāye,Mūlapaṇṇāsa-aṭṭhakathā,1. Mūlapariyāyavaggo,1. Mūlapariyāyasuttavaṇṇanā,Suttanikkhepavaṇṇanā,
MAIN001-S355,MAIN001,3348,3349,Katthaci okāsaṃ.,"In some contexts, it denotes an occasion or opportunity (okāsa).",H000008,5,Majjhimanikāye > Mūlapaṇṇāsa-aṭṭhakathā > 1. Mūlapariyāyavaggo > 1. Mūlapariyāyasuttavaṇṇanā > Suttanikkhepavaṇṇanā,Majjhimanikāye,Mūlapaṇṇāsa-aṭṭhakathā,1. Mūlapariyāyavaggo,1. Mūlapariyāyasuttavaṇṇanā,Suttanikkhepavaṇṇanā,
MAIN001-S356,MAIN001,3350,3368,"Yathāha – ‘‘Idheva tiṭṭhamānassa, devabhūtassa me sato; Punarāyu ca me laddho, evaṃ jānāhi mārisā’’ti. (dī. ni. 2.369); Katthaci padapūraṇamattameva.","As it is said: ‘While I was standing right here, having become a deity; my life-span was regained—know this, dear friends’ (Dīgha Nikāya 2.369). In some contexts, however, it is merely a filler for completing the expression (padapūraṇamatta).",H000008,5,Majjhimanikāye > Mūlapaṇṇāsa-aṭṭhakathā > 1. Mūlapariyāyavaggo > 1. Mūlapariyāyasuttavaṇṇanā > Suttanikkhepavaṇṇanā,Majjhimanikāye,Mūlapaṇṇāsa-aṭṭhakathā,1. Mūlapariyāyavaggo,1. Mūlapariyāyasuttavaṇṇanā,Suttanikkhepavaṇṇanā,
MAIN001-S357,MAIN001,3369,3378,"Yathāha ‘‘idhāhaṃ – bhikkhave, bhuttāvī assaṃ pavārito’’ti (ma. ni. 1.30).","As it is said: ‘Here, monks, I was one who had eaten and had been invited’ (Majjhima Nikāya 1.30).",H000008,5,Majjhimanikāye > Mūlapaṇṇāsa-aṭṭhakathā > 1. Mūlapariyāyavaggo > 1. Mūlapariyāyasuttavaṇṇanā > Suttanikkhepavaṇṇanā,Majjhimanikāye,Mūlapaṇṇāsa-aṭṭhakathā,1. Mūlapariyāyavaggo,1. Mūlapariyāyasuttavaṇṇanā,Suttanikkhepavaṇṇanā,
MAIN001-S358,MAIN001,3379,3384,Idha pana lokaṃ upādāya vuttoti veditabbo.,"Here, however, it should be understood as spoken with reference to the world (loka).",H000008,5,Majjhimanikāye > Mūlapaṇṇāsa-aṭṭhakathā > 1. Mūlapariyāyavaggo > 1. Mūlapariyāyasuttavaṇṇanā > Suttanikkhepavaṇṇanā,Majjhimanikāye,Mūlapaṇṇāsa-aṭṭhakathā,1. Mūlapariyāyavaggo,1. Mūlapariyāyasuttavaṇṇanā,Suttanikkhepavaṇṇanā,
MAIN001-S359,MAIN001,3385,3392,2. Bhikkhaveti yathāpaṭiññātaṃ desanaṃ desetuṃ puna bhikkhū ālapati.,"2. With the word bhikkhave (‘monks’), he again addresses the monks in order to deliver the discourse as previously promised.",H000008,5,Majjhimanikāye > Mūlapaṇṇāsa-aṭṭhakathā > 1. Mūlapariyāyavaggo > 1. Mūlapariyāyasuttavaṇṇanā > Suttanikkhepavaṇṇanā,Majjhimanikāye,Mūlapaṇṇāsa-aṭṭhakathā,1. Mūlapariyāyavaggo,1. Mūlapariyāyasuttavaṇṇanā,Suttanikkhepavaṇṇanā,
MAIN001-S360,MAIN001,3393,3398,"Ubhayenāpi, bhikkhave, imasmiṃ loketi vuttaṃ hoti.","By both expressions, monks, what is said is: ‘In this world.",H000008,5,Majjhimanikāye > Mūlapaṇṇāsa-aṭṭhakathā > 1. Mūlapariyāyavaggo > 1. Mūlapariyāyasuttavaṇṇanā > Suttanikkhepavaṇṇanā,Majjhimanikāye,Mūlapaṇṇāsa-aṭṭhakathā,1. Mūlapariyāyavaggo,1. Mūlapariyāyasuttavaṇṇanā,Suttanikkhepavaṇṇanā,
